block,n_parameters,mean_mae,mean_rmse,mean_abs_bias,mean_coverage_q05_q95
beta,6,0.03962317378322283,0.047363586510348464,0.026956910640001292,78.33333333333333
delta_post,5,0.06816211705356837,0.08184351259199607,0.036118518449366095,88.0
